e1fb3a,127.0.0.1,GET,http://localhost:1234/,1448507135,,500
529393,127.0.0.1,GET,http://localhost:1234/login,1448507148,,200
3b2d41,127.0.0.1,GET,http://localhost:1234/login,1448507380,,200
fbdddf,127.0.0.1,GET,http://localhost:1234/login,1448507464,,200
d9bb57,127.0.0.1,GET,http://localhost:1234/login,1448507479,,200
65b587,127.0.0.1,GET,http://localhost:1234/login,1448507528,,200
bcfebf,127.0.0.1,POST,http://localhost:1234/login,1448507542,,302
5ba504,127.0.0.1,GET,http://localhost:1234/skpd,1448507543,,200
644f1e,127.0.0.1,POST,http://localhost:1234/skpd,1448507666,,200
8de3d8,127.0.0.1,GET,http://localhost:1234/skpd,1448507761,,200
7ad1f1,127.0.0.1,POST,http://localhost:1234/skpd,1448507806,,200
69c634,127.0.0.1,POST,http://localhost:1234/skpd,1448507853,,200
017fe8,127.0.0.1,GET,http://localhost:1234/skpd,1448507949,,200
53b4ba,127.0.0.1,GET,http://localhost:1234/skpd,1448508002,,500
22eb8a,127.0.0.1,GET,http://localhost:1234/skpd,1448508015,,200
9f2796,127.0.0.1,GET,http://localhost:1234/skpd,1448508198,,200
c4ec29,127.0.0.1,GET,http://localhost:1234/skpd,1448508218,,200
0ac854,127.0.0.1,POST,http://localhost:1234/skpd,1448508260,,200
651aec,127.0.0.1,GET,http://localhost:1234/skpd,1448508652,,200
ca1d33,127.0.0.1,POST,http://localhost:1234/skpd,1448508692,,200
969fc8,127.0.0.1,GET,http://localhost:1234/skpd,1448508723,,200
8fb78c,127.0.0.1,GET,http://localhost:1234/skpd,1448508814,,200
c428c3,127.0.0.1,GET,http://localhost:1234/skpd,1448508904,,200
c56167,127.0.0.1,POST,http://localhost:1234/skpd,1448508946,,200
f341e8,127.0.0.1,GET,http://localhost:1234/skpd,1448509102,,200
b11ff8,127.0.0.1,POST,http://localhost:1234/skpd,1448509144,,200
aecc32,127.0.0.1,GET,http://localhost:1234/skpd,1448509193,,200
eac44e,127.0.0.1,GET,http://localhost:1234/skpd,1448509336,,200
d651b4,127.0.0.1,POST,http://localhost:1234/skpd,1448509390,,200
d38626,127.0.0.1,GET,http://localhost:1234/skpd,1448509478,,500
9a2f91,127.0.0.1,GET,http://localhost:1234/skpd,1448509524,,200
868c89,127.0.0.1,GET,http://localhost:1234/skpd,1448509548,,200
09bd30,127.0.0.1,GET,http://localhost:1234/skpd,1448509752,,500
609277,127.0.0.1,GET,http://localhost:1234/skpd,1448509776,,200
ed266c,127.0.0.1,POST,http://localhost:1234/skpd,1448509825,,200
dcddde,127.0.0.1,GET,http://localhost:1234/,1448509882,,500
5f05c9,127.0.0.1,GET,http://localhost:1234/skpd,1448509886,,200
7b9244,127.0.0.1,GET,http://localhost:1234/skpd,1448510085,,200
d4d7a1,127.0.0.1,GET,http://localhost:1234/skpd,1448510086,,200
ae62e7,127.0.0.1,GET,http://localhost:1234/skpd,1448510200,,200
573487,127.0.0.1,POST,http://localhost:1234/skpd,1448510255,,200
b4ed88,127.0.0.1,GET,http://localhost:1234/skpd,1448510290,,200
96f751,127.0.0.1,GET,http://localhost:1234/skpd,1448510454,,200
d76188,127.0.0.1,POST,http://localhost:1234/skpd,1448510514,,200
80f2f6,127.0.0.1,GET,http://localhost:1234/skpd,1448510608,,200
a13bc8,127.0.0.1,GET,http://localhost:1234/skpd,1448510754,,200
f4f339,127.0.0.1,GET,http://localhost:1234/skpd,1448510890,,200
4e2d1c,127.0.0.1,GET,http://localhost:1234/skpd,1448510915,,200
75f47b,127.0.0.1,GET,http://localhost:1234/skpd,1448511027,,200
d3c8c9,127.0.0.1,GET,http://localhost:1234/skpd,1448511071,,200
2428c4,127.0.0.1,GET,http://localhost:1234/skpd,1448511094,,200
9400bc,127.0.0.1,GET,http://localhost:1234/,1448511442,,500
07ad2b,127.0.0.1,GET,http://localhost:1234/,1448511483,,500
33c3b1,127.0.0.1,GET,http://localhost:1234/skpd,1448511490,,200
ceab4b,127.0.0.1,GET,http://localhost:1234/,1448511510,,200
61886c,127.0.0.1,GET,http://localhost:1234/,1448511622,,302
52447a,127.0.0.1,GET,http://localhost:1234/login,1448511623,,200
fe9ea7,127.0.0.1,POST,http://localhost:1234/login,1448511637,,302
811d8a,127.0.0.1,GET,http://localhost:1234/skpd,1448511638,,200
00fc04,127.0.0.1,GET,http://localhost:1234/,1448512120,,200
f73602,127.0.0.1,GET,http://localhost:1234/login,1448512128,,200
db0b38,127.0.0.1,GET,http://localhost:1234/login,1448512214,,200
6fac9d,127.0.0.1,GET,http://localhost:1234/beranda,1448512224,,404
b826a1,127.0.0.1,GET,http://localhost:1234/beranda/ll,1448512256,,404
7a5809,127.0.0.1,GET,http://localhost:1234/beranda,1448512260,,404
70baf9,127.0.0.1,GET,http://localhost:1234/beranda,1448512324,,404
2cb9c8,127.0.0.1,GET,http://localhost:1234/beranda,1448512340,,200
e7e989,127.0.0.1,GET,http://localhost:1234/beranda,1448512418,,500
60da89,127.0.0.1,GET,http://localhost:1234/beranda,1448512426,,500
